Feature,Priviliged,UnPriviliged,% Priviliged class,SPD
sex,0,1,75.0,-0.30072
cp,1,2,82.0,-0.0269
cp,1,3,82.0,-0.12435
cp,1,0,82.0,-0.54727
fbs,0,1,55.04,-0.03928
restecg,1,0,63.16,-0.16899
restecg,1,2,63.16,-0.38158
exang,0,1,69.61,-0.46376
slope,2,0,75.35,-0.32495
slope,2,1,75.35,-0.40352
ca,4,0,80.0,-0.05714
ca,4,1,80.0,-0.47692
ca,4,2,80.0,-0.61579
ca,4,3,80.0,-0.65
thal,2,0,78.31,-0.28313
thal,2,1,78.31,-0.4498
thal,2,3,78.31,-0.54382
